data_type	code	name	short_name	extra1	extra2	create_by	create_time
CUSTOMER	BALM001	BALM001	BALM001			system-auto-sync	2026-03-30 17:53:32
CUSTOMER	DGFY001	DGFY001	DGFY001			system-auto-sync	2026-03-30 17:53:32
CUSTOMER	FL5001	FL5001	FL5001			system-auto-sync	2026-03-30 17:53:32
CUSTOMER	GC6001	GC6001	GC6001			system-auto-sync	2026-03-30 17:53:32
CUSTOMER	GDMG001	GDMG001	GDMG001			system-auto-sync	2026-03-30 17:53:32
CUSTOMER	GJDL001	GJDL001	GJDL001			system-auto-sync	2026-03-30 17:53:32
CUSTOMER	GL4001	GL4001	GL4001			system-auto-sync	2026-03-30 17:53:32
CUSTOMER	HL001	HL001	HL001			system-auto-sync	2026-03-30 17:53:32
CUSTOMER	HNQY001	HNQY001	HNQY001			system-auto-sync	2026-03-30 17:53:32
CUSTOMER	HP4001	HP4001	HP4001			system-auto-sync	2026-03-30 17:53:32
CUSTOMER	HXYC001	HXYC001	HXYC001			system-auto-sync	2026-03-30 17:53:32
CUSTOMER	JA6002	JA6002	JA6002			system-auto-sync	2026-03-30 17:53:32
CUSTOMER	JDK001	JDK001	JDK001			system-auto-sync	2026-03-30 17:53:32
CUSTOMER	JH001	JH001	JH001			system-auto-sync	2026-03-30 17:53:32
CUSTOMER	JY5001	JY5001	JY5001			system-auto-sync	2026-03-30 17:53:32
CUSTOMER	LSSD001	LSSD001	LSSD001			system-auto-sync	2026-03-30 17:53:32
CUSTOMER	NTTJ001	NTTJ001	NTTJ001			system-auto-sync	2026-03-30 17:53:32
CUSTOMER	NX1001	NX1001	NX1001			system-auto-sync	2026-03-30 17:53:32
CUSTOMER	QH6001	QH6001	QH6001			system-auto-sync	2026-03-30 17:53:32
CUSTOMER	QLX5002	QLX5002	QLX5002			system-auto-sync	2026-03-30 17:53:32
CUSTOMER	QT6001	QT6001	QT6001			system-auto-sync	2026-03-30 17:53:32
CUSTOMER	SD1S01	SD1S01	SD1S01			system-auto-sync	2026-03-30 17:53:32
CUSTOMER	SHRP001	SHRP001	SHRP001			system-auto-sync	2026-03-30 17:53:32
CUSTOMER	WCY001	WCY001	WCY001			system-auto-sync	2026-03-30 17:53:32
CUSTOMER	WDGF001	WDGF001	WDGF001			system-auto-sync	2026-03-30 17:53:32
CUSTOMER	WTXN001	WTXN001	WTXN001			system-auto-sync	2026-03-30 17:53:32
CUSTOMER	WY001	WY001	WY001			system-auto-sync	2026-03-30 17:53:32
CUSTOMER	XD4001	XD4001	XD4001			system-auto-sync	2026-03-30 17:53:32
CUSTOMER	XMDZ001	XMDZ001	XMDZ001			system-auto-sync	2026-03-30 17:53:32
CUSTOMER	XW5001	XW5001	XW5001			system-auto-sync	2026-03-30 17:53:32
CUSTOMER	YC1001	YC1001	YC1001			system-auto-sync	2026-03-30 17:53:32
CUSTOMER	YCXH001	YCXH001	YCXH001			system-auto-sync	2026-03-30 17:53:32
CUSTOMER	YD4001	YD4001	YD4001			system-auto-sync	2026-03-30 17:53:32
CUSTOMER	YD6001	YD6001	YD6001			system-auto-sync	2026-03-30 17:53:32
CUSTOMER	YHGD001	YHGD001	YHGD001			system-auto-sync	2026-03-30 17:53:32
CUSTOMER	YY6003	YY6003	YY6003			system-auto-sync	2026-03-30 17:53:32
CUSTOMER	ZJJY001	ZJJY001	ZJJY001			system-auto-sync	2026-03-30 17:53:32
CUSTOMER	ZZ1001	ZZ1001	ZZ1001			system-auto-sync	2026-03-30 17:53:32
MATERIAL	聽1011-R02-1507-G05-0350	聽1011-R02-1507-G05-0350				system-auto-sync	2026-03-30 17:53:33
MATERIAL	1011--R02-2520-G01-0450	1011--R02-2520-G01-0450				system-auto-sync	2026-03-30 17:53:33
MATERIAL	1011-DGM25-2525-B01-0900	1011-DGM25-2525-B01-0900				system-auto-sync	2026-03-30 17:53:33
MATERIAL	1011-R02-0903-G03-0300H	1011-R02-0903-G03-0300H				system-auto-sync	2026-03-30 17:53:33
MATERIAL	1011-R02-1204-B05-0300	1011-R02-1204-B05-0300				system-auto-sync	2026-03-30 17:53:33
MATERIAL	1011-R02-1204-G03-0200聽	1011-R02-1204-G03-0200聽				system-auto-sync	2026-03-30 17:53:33
MATERIAL	1011-R02-1204-G03-0300H	1011-R02-1204-G03-0300H				system-auto-sync	2026-03-30 17:53:33
MATERIAL	1011-R02-1204-G03-0500	1011-R02-1204-G03-0500				system-auto-sync	2026-03-30 17:53:33
MATERIAL	1011-R02-1503-G01-0200	1011-R02-1503-G01-0200				system-auto-sync	2026-03-30 17:53:33
MATERIAL	1011-R02-1503-G01-0200-H	1011-R02-1503-G01-0200-H				system-auto-sync	2026-03-30 17:53:33
MATERIAL	1011-R02-1503-G01-0200H聽	1011-R02-1503-G01-0200H聽				system-auto-sync	2026-03-30 17:53:33
MATERIAL	1011-R02-1506-C01-0100-2#	1011-R02-1506-C01-0100-2#				system-auto-sync	2026-03-30 17:53:33
MATERIAL	1011-R02-1506-G01-0100H	1011-R02-1506-G01-0100H				system-auto-sync	2026-03-30 17:53:33
MATERIAL	1011-R02-1506-G01-0300-H	1011-R02-1506-G01-0300-H				system-auto-sync	2026-03-30 17:53:33
MATERIAL	1011-R02-1506-G01-0350聽	1011-R02-1506-G01-0350聽				system-auto-sync	2026-03-30 17:53:33
MATERIAL	1011-R02-1506-G01-0350聽H	1011-R02-1506-G01-0350聽H				system-auto-sync	2026-03-30 17:53:33
MATERIAL	1011-R02-1506-G01-0350-H	1011-R02-1506-G01-0350-H				system-auto-sync	2026-03-30 17:53:33
MATERIAL	1011-R02-1506-G03-0300H	1011-R02-1506-G03-0300H				system-auto-sync	2026-03-30 17:53:33
MATERIAL	1011-R02-1507-B01-0300	1011-R02-1507-B01-0300				system-auto-sync	2026-03-30 17:53:33
MATERIAL	1011-R02-1507-B01-0400聽	1011-R02-1507-B01-0400聽				system-auto-sync	2026-03-30 17:53:33
MATERIAL	1011-R02-1507-G03-0400-2#聽	1011-R02-1507-G03-0400-2#聽				system-auto-sync	2026-03-30 17:53:33
MATERIAL	1011-R02-1507-G03-0400-2#聽聽	1011-R02-1507-G03-0400-2#聽聽				system-auto-sync	2026-03-30 17:53:33
MATERIAL	1011-R02-1507-G05-0350-H	1011-R02-1507-G05-0350-H				system-auto-sync	2026-03-30 17:53:33
MATERIAL	1011-R02-1507-G08-0300	1011-R02-1507-G08-0300				system-auto-sync	2026-03-30 17:53:33
MATERIAL	1011-R02-1510-Y01-0400	1011-R02-1510-Y01-0400				system-auto-sync	2026-03-30 17:53:33
MATERIAL	1011-R02-1512-G10-0500H	1011-R02-1512-G10-0500H				system-auto-sync	2026-03-30 17:53:33
MATERIAL	1011-R02-1535-C05-1000H	1011-R02-1535-C05-1000H				system-auto-sync	2026-03-30 17:53:33
MATERIAL	1011-R02-1904-G01-0200	1011-R02-1904-G01-0200				system-auto-sync	2026-03-30 17:53:33
MATERIAL	1011-R02-1904-G06-0200	1011-R02-1904-G06-0200				system-auto-sync	2026-03-30 17:53:33
MATERIAL	1011-R02-1905-B05-0300	1011-R02-1905-B05-0300				system-auto-sync	2026-03-30 17:53:33
MATERIAL	1011-R02-2003-G01-0200H	1011-R02-2003-G01-0200H				system-auto-sync	2026-03-30 17:53:33
MATERIAL	1011-R02-2003-G01-0200H聽	1011-R02-2003-G01-0200H聽				system-auto-sync	2026-03-30 17:53:33
MATERIAL	1011-R02-2010-B02-0350-H	1011-R02-2010-B02-0350-H				system-auto-sync	2026-03-30 17:53:33
MATERIAL	1011-R02-2010-B02-0350-HCD1-20	1011-R02-2010-B02-0350-HCD1-20				system-auto-sync	2026-03-30 17:53:33
MATERIAL	1011-R02-2010-B02-0500-H	1011-R02-2010-B02-0500-H				system-auto-sync	2026-03-30 17:53:33
MATERIAL	1011-R02-2010-B02-0500-JZM1/JZM2	1011-R02-2010-B02-0500-JZM1/JZM2				system-auto-sync	2026-03-30 17:53:33
MATERIAL	1011-R02-2010-B05-0400聽	1011-R02-2010-B05-0400聽				system-auto-sync	2026-03-30 17:53:33
MATERIAL	1011-R02-2010-B05-0500	1011-R02-2010-B05-0500				system-auto-sync	2026-03-30 17:53:33
MATERIAL	1011-R02-2010-BK01-0450聽	1011-R02-2010-BK01-0450聽				system-auto-sync	2026-03-30 17:53:33
MATERIAL	1011-R02-2010-G01-0350聽	1011-R02-2010-G01-0350聽				system-auto-sync	2026-03-30 17:53:33
MATERIAL	1011-R02-2010-G01-0350聽聽	1011-R02-2010-G01-0350聽聽				system-auto-sync	2026-03-30 17:53:33
MATERIAL	1011-R02-2010-G01-0350 H	1011-R02-2010-G01-0350 H				system-auto-sync	2026-03-30 17:53:33
MATERIAL	1011-R02-2010-G01-0350-FF	1011-R02-2010-G01-0350-FF				system-auto-sync	2026-03-30 17:53:33
MATERIAL	1011-R02-2010-G01-0350-H	1011-R02-2010-G01-0350-H				system-auto-sync	2026-03-30 17:53:33
MATERIAL	1011-R02-2010-G01-0350-HCD1-20	1011-R02-2010-G01-0350-HCD1-20				system-auto-sync	2026-03-30 17:53:33
MATERIAL	1011-R02-2010-G01-0350-SH1-SH15	1011-R02-2010-G01-0350-SH1-SH15				system-auto-sync	2026-03-30 17:53:33
MATERIAL	1011-R02-2010-G01-0350-SYS	1011-R02-2010-G01-0350-SYS				system-auto-sync	2026-03-30 17:53:33
MATERIAL	1011-R02-2010-G01-0350-WH	1011-R02-2010-G01-0350-WH				system-auto-sync	2026-03-30 17:53:33
MATERIAL	1011-R02-2010-G01-0350H聽	1011-R02-2010-G01-0350H聽				system-auto-sync	2026-03-30 17:53:33
MATERIAL	1011-R02-2010-G01-0350H聽聽	1011-R02-2010-G01-0350H聽聽				system-auto-sync	2026-03-30 17:53:33
MATERIAL	1011-R02-2010-G01-0400	1011-R02-2010-G01-0400				system-auto-sync	2026-03-30 17:53:33
MATERIAL	1011-R02-2010-G01-0400聽	1011-R02-2010-G01-0400聽				system-auto-sync	2026-03-30 17:53:33
MATERIAL	1011-R02-2010-G01-0500	1011-R02-2010-G01-0500				system-auto-sync	2026-03-30 17:53:33
MATERIAL	1011-R02-2010-G03-0400	1011-R02-2010-G03-0400				system-auto-sync	2026-03-30 17:53:33
MATERIAL	1011-R02-2010-G03-0500A	1011-R02-2010-G03-0500A				system-auto-sync	2026-03-30 17:53:33
MATERIAL	1011-R02-2010-G06-0500聽	1011-R02-2010-G06-0500聽				system-auto-sync	2026-03-30 17:53:33
MATERIAL	1011-R02-2010-G07-0400H	1011-R02-2010-G07-0400H				system-auto-sync	2026-03-30 17:53:33
MATERIAL	1011-R02-2010-G13-0300-KXYS	1011-R02-2010-G13-0300-KXYS				system-auto-sync	2026-03-30 17:53:33
MATERIAL	1011-R02-2010-Y01-0500-H	1011-R02-2010-Y01-0500-H				system-auto-sync	2026-03-30 17:53:33
MATERIAL	1011-R02-2013-G03-0500	1011-R02-2013-G03-0500				system-auto-sync	2026-03-30 17:53:33
MATERIAL	1011-R02-2013-G03-0500A	1011-R02-2013-G03-0500A				system-auto-sync	2026-03-30 17:53:33
MATERIAL	1011-R02-2030-C01-1200-H6	1011-R02-2030-C01-1200-H6				system-auto-sync	2026-03-30 17:53:33
MATERIAL	1011-R02-2031-C01-0800	1011-R02-2031-C01-0800				system-auto-sync	2026-03-30 17:53:33
MATERIAL	1011-R02-2035-C01H-0800	1011-R02-2035-C01H-0800				system-auto-sync	2026-03-30 17:53:33
MATERIAL	1011-R02-2307-B01-0400聽	1011-R02-2307-B01-0400聽				system-auto-sync	2026-03-30 17:53:33
MATERIAL	1011-R02-2307-B01-0400鐟炴郸鏂欏彿锛圧D-XTB-G0000095-0000	1011-R02-2307-B01-0400鐟炴郸鏂欏彿锛圧D-XTB-G0000095-0000				system-auto-sync	2026-03-30 17:53:33
MATERIAL	1011-R02-2307-G01-0400	1011-R02-2307-G01-0400				system-auto-sync	2026-03-30 17:53:33
MATERIAL	1011-R02-2307-G03-0350聽	1011-R02-2307-G03-0350聽				system-auto-sync	2026-03-30 17:53:33
MATERIAL	1011-R02-2307-G03-0350A	1011-R02-2307-G03-0350A				system-auto-sync	2026-03-30 17:53:33
MATERIAL	1011-R02-2510- C02-0400	1011-R02-2510- C02-0400				system-auto-sync	2026-03-30 17:53:33
MATERIAL	1011-R02-2510-C02Q-0700	1011-R02-2510-C02Q-0700				system-auto-sync	2026-03-30 17:53:33
MATERIAL	1011-R02-2510-G01-0500	1011-R02-2510-G01-0500				system-auto-sync	2026-03-30 17:53:33
MATERIAL	1011-R02-2520-G01-0450聽	1011-R02-2520-G01-0450聽				system-auto-sync	2026-03-30 17:53:33
MATERIAL	1011-R02-2520-G03-0500	1011-R02-2520-G03-0500				system-auto-sync	2026-03-30 17:53:33
MATERIAL	1011-R02-2525-B01-0500	1011-R02-2525-B01-0500				system-auto-sync	2026-03-30 17:53:33
MATERIAL	1011-R02-2525-B01-0600A	1011-R02-2525-B01-0600A				system-auto-sync	2026-03-30 17:53:33
MATERIAL	1011-R02-2525-B03-0500	1011-R02-2525-B03-0500				system-auto-sync	2026-03-30 17:53:33
MATERIAL	1011-R02-2525-B05-0500A	1011-R02-2525-B05-0500A				system-auto-sync	2026-03-30 17:53:33
MATERIAL	1011-R02-2525-B05-0600	1011-R02-2525-B05-0600				system-auto-sync	2026-03-30 17:53:33
MATERIAL	1011-R02-2525-C01-0900- DX	1011-R02-2525-C01-0900- DX				system-auto-sync	2026-03-30 17:53:33
MATERIAL	1011-R02-2525-C01-0900-PZX	1011-R02-2525-C01-0900-PZX				system-auto-sync	2026-03-30 17:53:33
MATERIAL	1011锛峈02锛?525锛岰01锛?200聽	1011锛峈02锛?525锛岰01锛?200聽				system-auto-sync	2026-03-30 17:53:33
MATERIAL	1011-R02-2525-C01-1200--X	1011-R02-2525-C01-1200--X				system-auto-sync	2026-03-30 17:53:33
MATERIAL	1011-R02-2525-C01-1200--XRY	1011-R02-2525-C01-1200--XRY				system-auto-sync	2026-03-30 17:53:33
MATERIAL	1011-R02-2525-C01-1200-CYZY	1011-R02-2525-C01-1200-CYZY				system-auto-sync	2026-03-30 17:53:33
MATERIAL	1011-R02-2525-C01-1200-F1闂數	1011-R02-2525-C01-1200-F1闂數				system-auto-sync	2026-03-30 17:53:33
MATERIAL	1011-R02-2525-C01-1200-闂數	1011-R02-2525-C01-1200-闂數				system-auto-sync	2026-03-30 17:53:33
MATERIAL	1011-R02-2525-C02-0700	1011-R02-2525-C02-0700				system-auto-sync	2026-03-30 17:53:33
MATERIAL	1011-R02-2525-C02-1200聽	1011-R02-2525-C02-1200聽				system-auto-sync	2026-03-30 17:53:33
MATERIAL	1011-R02-2525-C05-1200	1011-R02-2525-C05-1200				system-auto-sync	2026-03-30 17:53:33
MATERIAL	1011-R02-2525-C1-1200	1011-R02-2525-C1-1200				system-auto-sync	2026-03-30 17:53:33
MATERIAL	1011-R02-2525-W01-0800	1011-R02-2525-W01-0800				system-auto-sync	2026-03-30 17:53:33
MATERIAL	1011-R02-3609-G01-0200聽	1011-R02-3609-G01-0200聽				system-auto-sync	2026-03-30 17:53:33
MATERIAL	1011-R02-3624-T01-1200	1011-R02-3624-T01-1200				system-auto-sync	2026-03-30 17:53:33
MATERIAL	1012-R015-5060-B06-1300	1012-R015-5060-B06-1300				system-auto-sync	2026-03-30 17:53:33
MATERIAL	1012-R02-5030-B07-0900	1012-R02-5030-B07-0900				system-auto-sync	2026-03-30 17:53:33
MATERIAL	1012-R02-7507-G01-0200	1012-R02-7507-G01-0200				system-auto-sync	2026-03-30 17:53:33
MATERIAL	1012-TE25-5060-B08-1300	1012-TE25-5060-B08-1300				system-auto-sync	2026-03-30 17:53:33
MATERIAL	1012-TE75-5045-C05-1200	1012-TE75-5045-C05-1200				system-auto-sync	2026-03-30 17:53:33
MATERIAL	1012C-R00-5007-B01-0006	1012C-R00-5007-B01-0006				system-auto-sync	2026-03-30 17:53:33
MATERIAL	1013-T10-35-T01-1000-W12	1013-T10-35-T01-1000-W12				system-auto-sync	2026-03-30 17:53:33
MATERIAL	1013锛峊E25锛?515锛岯05锛?200	1013锛峊E25锛?515锛岯05锛?200				system-auto-sync	2026-03-30 17:53:33
MATERIAL	1013-TE25-15T-55-B01-1200	1013-TE25-15T-55-B01-1200				system-auto-sync	2026-03-30 17:53:33
MATERIAL	1013-TE25-35-T01-1000	1013-TE25-35-T01-1000				system-auto-sync	2026-03-30 17:53:33
MATERIAL	1016-R02-2010-B01-0300
鐟炴郸鏂欏彿锛圡D-XTB-G000001-2156锛?1016-R02-2010-B01-0300
鐟炴郸鏂欏彿锛圡D-XTB-G000001-2156锛?			system-auto-sync	2026-03-30 17:53:33
MATERIAL	1016-R02-2010-B05-0400	1016-R02-2010-B05-0400				system-auto-sync	2026-03-30 17:53:33
MATERIAL	1016-R02-2525-B03-0500	1016-R02-2525-B03-0500				system-auto-sync	2026-03-30 17:53:33
MATERIAL	102-R00-3614-G12-0800	102-R00-3614-G12-0800				system-auto-sync	2026-03-30 17:53:33
MATERIAL	102-R00-5015-Y01-0300	102-R00-5015-Y01-0300				system-auto-sync	2026-03-30 17:53:33
MATERIAL	102-TE50-5015-Y01-0300	102-TE50-5015-Y01-0300				system-auto-sync	2026-03-30 17:53:33
MATERIAL	103-R00-2505-T01-0002	103-R00-2505-T01-0002				system-auto-sync	2026-03-30 17:53:33
MATERIAL	103-R00-4508-T01-0030	103-R00-4508-T01-0030				system-auto-sync	2026-03-30 17:53:33
MATERIAL	103-R00-5005-B01-0030	103-R00-5005-B01-0030				system-auto-sync	2026-03-30 17:53:33
MATERIAL	103-R00-85-T01-0015	103-R00-85-T01-0015				system-auto-sync	2026-03-30 17:53:33
MATERIAL	103-WW-50-B01-0020	103-WW-50-B01-0020				system-auto-sync	2026-03-30 17:53:33
MATERIAL	103-WW-55-T01-0015	103-WW-55-T01-0015				system-auto-sync	2026-03-30 17:53:33
MATERIAL	103-WW-85-T01-0015	103-WW-85-T01-0015				system-auto-sync	2026-03-30 17:53:33
MATERIAL	201-R015-2505-C03-0400鐟炴郸鏂欏彿锛圧D-XTB-G0000103-0000锛?201-R015-2505-C03-0400鐟炴郸鏂欏彿锛圧D-XTB-G0000103-0000锛?			system-auto-sync	2026-03-30 17:53:33
MATERIAL	201-R015-2525-C03-0500聽聽	201-R015-2525-C03-0500聽聽				system-auto-sync	2026-03-30 17:53:33
MATERIAL	201-R015-2525-C03-0500A	201-R015-2525-C03-0500A				system-auto-sync	2026-03-30 17:53:33
MATERIAL	201-R015-5030-C03-0800	201-R015-5030-C03-0800				system-auto-sync	2026-03-30 17:53:33
MATERIAL	201-R015-5050-C03-0800	201-R015-5050-C03-0800				system-auto-sync	2026-03-30 17:53:33
MATERIAL	201-R02-2510-C03-0550	201-R02-2510-C03-0550				system-auto-sync	2026-03-30 17:53:33
MATERIAL	201-R02-2525-C03-0300	201-R02-2525-C03-0300				system-auto-sync	2026-03-30 17:53:33
MATERIAL	201-R02-2525-C03-0300聽	201-R02-2525-C03-0300聽				system-auto-sync	2026-03-30 17:53:33
MATERIAL	201-R02-2525-C03-0600聽	201-R02-2525-C03-0600聽				system-auto-sync	2026-03-30 17:53:33
MATERIAL	201-R02-2525-C03-0600聽聽	201-R02-2525-C03-0600聽聽				system-auto-sync	2026-03-30 17:53:33
MATERIAL	201-R02-2525-C03-1000	201-R02-2525-C03-1000				system-auto-sync	2026-03-30 17:53:33
MATERIAL	201-R02-2530-C03-0600	201-R02-2530-C03-0600				system-auto-sync	2026-03-30 17:53:33
MATERIAL	201-R02-2530-C03-1000	201-R02-2530-C03-1000				system-auto-sync	2026-03-30 17:53:33
MATERIAL	201-R02-2530-C03-1000A	201-R02-2530-C03-1000A				system-auto-sync	2026-03-30 17:53:33
MATERIAL	201-R02-2530-C03-1200聽	201-R02-2530-C03-1200聽				system-auto-sync	2026-03-30 17:53:33
MATERIAL	201-R02-5050-C03-1000	201-R02-5050-C03-1000				system-auto-sync	2026-03-30 17:53:33
MATERIAL	201-R04-2510-C03-0700A	201-R04-2510-C03-0700A				system-auto-sync	2026-03-30 17:53:33
MATERIAL	201-R04-2525-C03-0900M聽	201-R04-2525-C03-0900M聽				system-auto-sync	2026-03-30 17:53:33
MATERIAL	201-R04-2535-C03-0900-M	201-R04-2535-C03-0900-M				system-auto-sync	2026-03-30 17:53:33
MATERIAL	201-RF-TE50-2525-C03-0900M	201-RF-TE50-2525-C03-0900M				system-auto-sync	2026-03-30 17:53:33
MATERIAL	201-TE50-2525-C03-0900M	201-TE50-2525-C03-0900M				system-auto-sync	2026-03-30 17:53:33
MATERIAL	201-TE50-5050-C03-1200	201-TE50-5050-C03-1200				system-auto-sync	2026-03-30 17:53:33
MATERIAL	201-TE75-2530-C03-1000	201-TE75-2530-C03-1000				system-auto-sync	2026-03-30 17:53:33
MATERIAL	2011-R02-2125-BK01-1200	2011-R02-2125-BK01-1200				system-auto-sync	2026-03-30 17:53:33
MATERIAL	2011-R02-2325-BK01-1200	2011-R02-2325-BK01-1200				system-auto-sync	2026-03-30 17:53:33
MATERIAL	2011-R02-2525-BK01-0800	2011-R02-2525-BK01-0800				system-auto-sync	2026-03-30 17:53:33
MATERIAL	2011-R02-2625-BK01-1200	2011-R02-2625-BK01-1200				system-auto-sync	2026-03-30 17:53:33
MATERIAL	2011-R02-2725-BK01-1200	2011-R02-2725-BK01-1200				system-auto-sync	2026-03-30 17:53:33
MATERIAL	2011-R02-2825-BK01-1200	2011-R02-2825-BK01-1200				system-auto-sync	2026-03-30 17:53:33
MATERIAL	2011-R02-7525-BK01-1200	2011-R02-7525-BK01-1200				system-auto-sync	2026-03-30 17:53:33
MATERIAL	2011-R02-7825-BK01-1200	2011-R02-7825-BK01-1200				system-auto-sync	2026-03-30 17:53:33
MATERIAL	202-R02-2020-BK01-1200	202-R02-2020-BK01-1200				system-auto-sync	2026-03-30 17:53:33
MATERIAL	202-R02-2025-BK01-1200	202-R02-2025-BK01-1200				system-auto-sync	2026-03-30 17:53:33
MATERIAL	202-R02-2425-BK01-1200	202-R02-2425-BK01-1200				system-auto-sync	2026-03-30 17:53:33
MATERIAL	202-R02-2525-BK01-1200	202-R02-2525-BK01-1200				system-auto-sync	2026-03-30 17:53:33
MATERIAL	202-R02-2725-BK01-1200	202-R02-2725-BK01-1200				system-auto-sync	2026-03-30 17:53:33
MATERIAL	202-R02-2825-BK01-1200	202-R02-2825-BK01-1200				system-auto-sync	2026-03-30 17:53:33
MATERIAL	202-R02-3222-BK01-1200	202-R02-3222-BK01-1200				system-auto-sync	2026-03-30 17:53:33
MATERIAL	202-R02-3322-BK01-1200	202-R02-3322-BK01-1200				system-auto-sync	2026-03-30 17:53:33
MATERIAL	202-ZR-2530-BK01-1000	202-ZR-2530-BK01-1000				system-auto-sync	2026-03-30 17:53:33
MATERIAL	202-ZR-R02-2525-BK01-1200	202-ZR-R02-2525-BK01-1200				system-auto-sync	2026-03-30 17:53:33
MATERIAL	202-ZR-R02-2530-BK01-1000	202-ZR-R02-2530-BK01-1000				system-auto-sync	2026-03-30 17:53:33
MATERIAL	202-ZR-R02-2624-BK01-1200	202-ZR-R02-2624-BK01-1200				system-auto-sync	2026-03-30 17:53:33
MATERIAL	202-ZR-R02-2711-BK01-1200	202-ZR-R02-2711-BK01-1200				system-auto-sync	2026-03-30 17:53:33
MATERIAL	202-ZR-R02-2812-BK01-1200	202-ZR-R02-2812-BK01-1200				system-auto-sync	2026-03-30 17:53:33
MATERIAL	205-R02-2525-C03-0800	205-R02-2525-C03-0800				system-auto-sync	2026-03-30 17:53:33
MATERIAL	301-RO2-2307-B05-0300	301-RO2-2307-B05-0300				system-auto-sync	2026-03-30 17:53:33
MATERIAL	302-R00-6012-T01-0025聽	302-R00-6012-T01-0025聽				system-auto-sync	2026-03-30 17:53:33
MATERIAL	302-R02-3830-N01-1000	302-R02-3830-N01-1000				system-auto-sync	2026-03-30 17:53:33
MATERIAL	303-DG-3650-T01-3000	303-DG-3650-T01-3000				system-auto-sync	2026-03-30 17:53:33
MATERIAL	303-DG-5050-T01-3000	303-DG-5050-T01-3000				system-auto-sync	2026-03-30 17:53:33
MATERIAL	303-DG-5050-T01-4000	303-DG-5050-T01-4000				system-auto-sync	2026-03-30 17:53:33
MATERIAL	303-DG-5080-T01-4000	303-DG-5080-T01-4000				system-auto-sync	2026-03-30 17:53:33
MATERIAL	303-R03-2525-Y01-1200	303-R03-2525-Y01-1200				system-auto-sync	2026-03-30 17:53:33
MATERIAL	501-100-W01-1100	501-100-W01-1100				system-auto-sync	2026-03-30 17:53:33
MATERIAL	501-130-W01-1100	501-130-W01-1100				system-auto-sync	2026-03-30 17:53:33
MATERIAL	501-90-W01-1100	501-90-W01-1100				system-auto-sync	2026-03-30 17:53:33
MATERIAL	5011-R00-3005-T01-0030H	5011-R00-3005-T01-0030H				system-auto-sync	2026-03-30 17:53:33
MATERIAL	5012-12T-1012-T01-0400-HG09	5012-12T-1012-T01-0400-HG09				system-auto-sync	2026-03-30 17:53:33
MATERIAL	5012-12T-1012-T01-0400-W25	5012-12T-1012-T01-0400-W25				system-auto-sync	2026-03-30 17:53:33
MATERIAL	5012-B25-50-B05-0500	5012-B25-50-B05-0500				system-auto-sync	2026-03-30 17:53:33
MATERIAL	5012-TE12-0805-T01-0300	5012-TE12-0805-T01-0300				system-auto-sync	2026-03-30 17:53:33
MATERIAL	5012-TE12-0805-T01-0300-W25	5012-TE12-0805-T01-0300-W25				system-auto-sync	2026-03-30 17:53:33
MATERIAL	5012-TE12-1012-T01-0400-HG09	5012-TE12-1012-T01-0400-HG09				system-auto-sync	2026-03-30 17:53:33
MATERIAL	5012-TE12-25-T01-0300-W25	5012-TE12-25-T01-0300-W25				system-auto-sync	2026-03-30 17:53:33
MATERIAL	5012-TE12-35-T01-0400-HG09	5012-TE12-35-T01-0400-HG09				system-auto-sync	2026-03-30 17:53:33
MATERIAL	5012-TE20-45-T01-0500-W50	5012-TE20-45-T01-0500-W50				system-auto-sync	2026-03-30 17:53:33
MATERIAL	5012-TE20-48-T01-0010	5012-TE20-48-T01-0010				system-auto-sync	2026-03-30 17:53:33
MATERIAL	5012-TE20-48-T01-0500	5012-TE20-48-T01-0500				system-auto-sync	2026-03-30 17:53:33
MATERIAL	5012-TE20-48-T01-0500-W50	5012-TE20-48-T01-0500-W50				system-auto-sync	2026-03-30 17:53:33
MATERIAL	BDJ-R02-11-G01-0300	BDJ-R02-11-G01-0300				system-auto-sync	2026-03-30 17:53:33
MATERIAL	C301-36-T01-H	C301-36-T01-H				system-auto-sync	2026-03-30 17:53:33
MATERIAL	CML-2525-B02-0700	CML-2525-B02-0700				system-auto-sync	2026-03-30 17:53:33
MATERIAL	CML-2525-BK01-0800	CML-2525-BK01-0800				system-auto-sync	2026-03-30 17:53:33
MATERIAL	CML-2525-R01-0600	CML-2525-R01-0600				system-auto-sync	2026-03-30 17:53:33
MATERIAL	CML-2525-W01-0600	CML-2525-W01-0600				system-auto-sync	2026-03-30 17:53:33
MATERIAL	CS1011-2530-C02-0600	CS1011-2530-C02-0600				system-auto-sync	2026-03-30 17:53:33
MATERIAL	DY-125-BK01	DY-125-BK01				system-auto-sync	2026-03-30 17:53:33
MATERIAL	DY-125-W01	DY-125-W01				system-auto-sync	2026-03-30 17:53:33
MATERIAL	ETJ-3000A25+25渭锛?锛?6锛?锛?ETJ-3000A25+25渭锛?锛?6锛?锛?			system-auto-sync	2026-03-30 17:53:33
MATERIAL	ETJ-3000A25+25渭锛?锛?4锛?锛?ETJ-3000A25+25渭锛?锛?4锛?锛?			system-auto-sync	2026-03-30 17:53:33
MATERIAL	KHJ-35-T01-1000	KHJ-35-T01-1000				system-auto-sync	2026-03-30 17:53:33
MATERIAL	KHJ-R03-BK01-45	KHJ-R03-BK01-45				system-auto-sync	2026-03-30 17:53:33
MATERIAL	LS53HY	LS53HY				system-auto-sync	2026-03-30 17:53:33
MATERIAL	ML-2530-BK01-0800	ML-2530-BK01-0800				system-auto-sync	2026-03-30 17:53:33
MATERIAL	ML-2530-R01-0600	ML-2530-R01-0600				system-auto-sync	2026-03-30 17:53:33
MATERIAL	ML-BK01-2525-0800	ML-BK01-2525-0800				system-auto-sync	2026-03-30 17:53:33
MATERIAL	PI鑳跺甫-W50	PI鑳跺甫-W50				system-auto-sync	2026-03-30 17:53:33
MATERIAL	PT5010A	PT5010A				system-auto-sync	2026-03-30 17:53:33
MATERIAL	PT5010S-15锛?5u锛?PT5010S-15锛?5u锛?			system-auto-sync	2026-03-30 17:53:33
MATERIAL	PTS53HY	PTS53HY				system-auto-sync	2026-03-30 17:53:33
MATERIAL	PY-0505W-PET1.0	PY-0505W-PET1.0				system-auto-sync	2026-03-30 17:53:33
MATERIAL	S201-2510-C03-0100	S201-2510-C03-0100				system-auto-sync	2026-03-30 17:53:33
MATERIAL	S201-2510-C03-0300	S201-2510-C03-0300				system-auto-sync	2026-03-30 17:53:33
MATERIAL	TE2010L3A	TE2010L3A				system-auto-sync	2026-03-30 17:53:33
MATERIAL	W-H60-LB	W-H60-LB				system-auto-sync	2026-03-30 17:53:33
MATERIAL	WPTR-L10-80B3	WPTR-L10-80B3				system-auto-sync	2026-03-30 17:53:33
MATERIAL	WPTR-L20-80B3	WPTR-L20-80B3				system-auto-sync	2026-03-30 17:53:33
MATERIAL	ZR-100-W01-1200	ZR-100-W01-1200				system-auto-sync	2026-03-30 17:53:33
MATERIAL	ZR-130-W01-1200	ZR-130-W01-1200				system-auto-sync	2026-03-30 17:53:33
MATERIAL	ZR-90-W01-1200	ZR-90-W01-1200				system-auto-sync	2026-03-30 17:53:33
